{"cameraMode":{"drawMode":0,"name":"Shaded","section":"Shading Mode"},"sceneLighting":true,"audioPlay":false,"sceneViewState":{"m_AlwaysRefresh":false,"showFog":true,"showSkybox":true,"showFlares":true,"showImageEffects":true,"showParticleSystems":true,"showVisualEffectGraphs":true,"m_FxEnabled":true},"in2DMode":false,"pivot":{"x":0.42237669229507449,"y":-2.4625823497772219,"z":1.6776354312896729},"rotation":{"x":-0.4571724832057953,"y":-0.20497329533100129,"z":0.1091531366109848,"w":-0.8585416674613953},"size":8.784756660461426,"orthographic":false}